name,n_rows,n features,n_threads,time,speedup,efficiency,iterations,loss,grad_norm
sklearn,768,8,1,0.03,1,1,0,363.0231,0.07942937385117431
GD with Armijo LS,768,8,1,6.02,1,1,766,363.0228,7.815890716984368e-07
CG with Wolfe LS,768,8,1,2.27,1,1,41,363.0228,8.692096237525402e-05
GD CUDA TPB 32,768,8,32,5.42,1.11,0.0006942427735324981,766,363.0228,9.949959638172405e-05
CG CUDA TPB 32,768,8,32,3.51,0.65,0.0004044120557502133,44,363.0228,7.749526848824537e-05
GD CUDA TPB 64,768,8,64,5.42,1.11,0.000667964580017246,766,363.0228,9.949959638172405e-05
CG CUDA TPB 64,768,8,64,2.9,0.78,0.00046976880210475275,44,363.0228,7.749526848824537e-05
GD CUDA TPB 128,768,8,128,5.95,1.01,0.0005645761104234446,766,363.0228,9.949959638172405e-05
CG CUDA TPB 128,768,8,128,3.42,0.66,0.00037028529539362995,44,363.0228,7.749526848824537e-05
GD CUDA TPB 256,768,8,256,5.98,1.01,0.0004913871024172591,766,363.0228,9.949959638172405e-05
CG CUDA TPB 256,768,8,256,2.86,0.79,0.0003877832045577487,44,363.0228,7.749526848824537e-05
GD CUDA TPB 512,768,8,512,7.68,0.78,0.00025508314039891463,766,363.0228,9.949959638172405e-05
CG CUDA TPB 512,768,8,512,3.6,0.63,0.00020539003481035245,44,363.0228,7.749526848824537e-05
GD CUDA TPB 1024,768,8,1024,14.88,0.4,9.878884772037395e-05,766,363.0228,9.949959638172405e-05
CG CUDA TPB 1024,768,8,1024,7.81,0.29,7.093674849015358e-05,44,363.0228,7.749526848824537e-05
sklearn,1000,24,1,0.05,1,1,0,487.2503,0.13429978982206178
GD with Armijo LS,1000,24,1,6.61,1,1,391,487.2501,9.657162963892564e-05
CG with Wolfe LS,1000,24,1,13.7,1,1,67,487.2501,7.562976555809992e-05
GD CUDA TPB 32,1000,24,32,6.39,1.03,0.0004897214502612369,391,487.2501,9.657162968092073e-05
CG CUDA TPB 32,1000,24,32,12.32,1.11,0.0005266803703331154,67,487.2501,7.563773922653676e-05
GD CUDA TPB 64,1000,24,64,6.52,1.01,0.0004660538985265947,391,487.2501,9.657162968092073e-05
CG CUDA TPB 64,1000,24,64,13.8,0.99,0.0004562066052756573,67,487.2501,7.563773922653676e-05
GD CUDA TPB 128,1000,24,128,6.94,0.95,0.0004135012527449547,391,487.2501,9.657162968092073e-05
CG CUDA TPB 128,1000,24,128,12.01,1.14,0.0004953640678289524,67,487.2501,7.563773922653676e-05
GD CUDA TPB 256,1000,24,256,5.33,1.24,0.0004841187504616348,391,487.2501,9.657162968092073e-05
CG CUDA TPB 256,1000,24,256,12.33,1.11,0.0004341364358268992,67,487.2501,7.563773922653676e-05
GD CUDA TPB 512,1000,24,512,6.45,1.02,0.000333326558805186,391,487.2501,9.657162968092073e-05
CG CUDA TPB 512,1000,24,512,13.11,1.04,0.0003401023478309729,67,487.2501,7.563773922653676e-05
GD CUDA TPB 1024,1000,24,1024,10.31,0.64,0.00015638326481015022,391,487.2501,9.657162968092073e-05
CG CUDA TPB 1024,1000,24,1024,19.9,0.69,0.0001680610543464661,67,487.2501,7.563773922653676e-05
sklearn,1000,60,1,0.05,1,1,0,563.8379,0.21941292192624365
GD with Armijo LS,1000,60,1,0.58,1,1,30,563.8378,9.734909966940701e-05
CG with Wolfe LS,1000,60,1,2.16,1,1,11,563.8378,5.8373061128790775e-05
GD CUDA TPB 32,1000,60,32,0.57,1.0,0.00046118523631988583,30,563.8378,9.73490996475436e-05
CG CUDA TPB 32,1000,60,32,2.43,0.89,0.00040807278584325174,11,563.8378,5.837306104455307e-05
GD CUDA TPB 64,1000,60,64,0.57,1.0,0.00046010625104685746,30,563.8378,9.73490996475436e-05
CG CUDA TPB 64,1000,60,64,2.24,0.97,0.00044357586846704273,11,563.8378,5.837306104455307e-05
GD CUDA TPB 128,1000,60,128,0.6,0.96,0.00041841860855457456,30,563.8378,9.73490996475436e-05
CG CUDA TPB 128,1000,60,128,2.17,1.0,0.0004331515791949135,11,563.8378,5.837306104455307e-05
GD CUDA TPB 256,1000,60,256,0.55,1.04,0.0004074954789626147,30,563.8378,9.73490996475436e-05
CG CUDA TPB 256,1000,60,256,2.05,1.06,0.000412779956647317,11,563.8378,5.837306104455307e-05
GD CUDA TPB 512,1000,60,512,0.55,1.05,0.00034054904601376425,30,563.8378,9.73490996475436e-05
CG CUDA TPB 512,1000,60,512,1.9,1.14,0.0003702339427982565,11,563.8378,5.837306104455307e-05
GD CUDA TPB 1024,1000,60,1024,0.84,0.68,0.0001664965403193816,30,563.8378,9.73490996475436e-05
CG CUDA TPB 1024,1000,60,1024,2.87,0.75,0.00018369142839150303,11,563.8378,5.837306104455307e-05
sklearn,1605,119,1,0.08,1,1,0,516.3577,0.39920570201869293
GD with Armijo LS,1605,119,1,139.52,1,1,3949,516.3439,9.878614536944711e-05
CG with Wolfe LS,1605,119,1,95.38,1,1,204,516.3439,8.336503760818122e-05
GD CUDA TPB 32,1605,119,32,74.82,1.86,0.0005297732850533332,3949,516.3439,9.878614505099286e-05
CG CUDA TPB 32,1605,119,32,34.11,2.8,0.000794409915336511,149,516.3439,7.620485817524025e-05
GD CUDA TPB 64,1605,119,64,68.29,2.04,0.0005701074678638172,3949,516.3439,9.878614505099286e-05
CG CUDA TPB 64,1605,119,64,30.87,3.09,0.0008621248980420086,149,516.3439,7.620485817524025e-05
GD CUDA TPB 128,1605,119,128,53.71,2.6,0.0007248006363176872,3949,516.3439,9.878614505099286e-05
CG CUDA TPB 128,1605,119,128,23.61,4.04,0.0011270335421221579,149,516.3439,7.620485817524025e-05
GD CUDA TPB 256,1605,119,256,62.64,2.23,0.0005438327284728548,3949,516.3439,9.878614505099286e-05
CG CUDA TPB 256,1605,119,256,25.49,3.74,0.0009135675111426989,149,516.3439,7.620485817524025e-05
GD CUDA TPB 512,1605,119,512,59.05,2.36,0.0004615069030786391,3949,516.3439,9.878614505099286e-05
CG CUDA TPB 512,1605,119,512,24.78,3.85,0.0007517705969127999,149,516.3439,7.620485817524025e-05
GD CUDA TPB 1024,1605,119,1024,93.67,1.49,0.00024244037099680914,3949,516.3439,9.878614505099286e-05
CG CUDA TPB 1024,1605,119,1024,36.13,2.64,0.00042967199416381086,149,516.3439,7.620485817524025e-05
sklearn,3185,122,1,0.23,1,1,0,1040.5867,0.628333914211533
GD with Armijo LS,3185,122,1,502.82,1,1,7713,1040.5659,9.896184368484889e-05
CG with Wolfe LS,3185,122,1,330.05,1,1,336,1040.5659,7.056263074667834e-05
GD CUDA TPB 32,3185,122,32,136.03,3.7,0.0005553362272138029,7730,1040.5659,9.960114433329028e-05
CG CUDA TPB 32,3185,122,32,71.21,4.63,0.0006963551507437616,289,1040.5659,9.3613591069598e-05
GD CUDA TPB 64,3185,122,64,106.57,4.72,0.0007088659013233314,7730,1040.5659,9.96011555272268e-05
CG CUDA TPB 64,3185,122,64,62.02,5.32,0.000799553647254549,289,1040.5659,9.3613591069598e-05
GD CUDA TPB 128,3185,122,128,111.48,4.51,0.0006776406091337852,7730,1040.5659,9.960115699602947e-05
CG CUDA TPB 128,3185,122,128,60.58,5.45,0.0008185301700520207,289,1040.5659,9.3613591069598e-05
GD CUDA TPB 256,3185,122,256,113.19,4.44,0.0006197270498120437,7730,1040.5659,9.960115796464142e-05
CG CUDA TPB 256,3185,122,256,72.57,4.55,0.000634482992637982,289,1040.5659,9.3613591069598e-05
GD CUDA TPB 512,3185,122,512,125.5,4.01,0.0004890603461717446,7730,1040.5659,9.960114982237953e-05
CG CUDA TPB 512,3185,122,512,62.96,5.24,0.00063993939572148,289,1040.5659,9.3613591069598e-05
GD CUDA TPB 1024,3185,122,1024,172.22,2.92,0.0002851137693953516,7730,1040.5659,9.960114857268616e-05
CG CUDA TPB 1024,3185,122,1024,89.62,3.68,0.0003596361659496069,289,1040.5659,9.3613591069598e-05
sklearn,11055,68,1,0.14,1,1,0,1655.9555,3.3017806104316048
GD with Armijo LS,11055,68,1,641.1,1,1,4298,1655.0573,9.83997030035925e-05
CG with Wolfe LS,11055,68,1,464.69,1,1,287,1655.0573,9.352638572263727e-05
GD CUDA TPB 32,11055,68,32,79.29,8.09,0.0003619780279247036,4298,1655.0573,9.839969446665485e-05
CG CUDA TPB 32,11055,68,32,49.59,9.37,0.00041954067709884,336,1655.0573,9.538203138833475e-05
GD CUDA TPB 64,11055,68,64,47.01,13.64,0.0006087545324923587,4298,1655.0573,9.839969446665485e-05
CG CUDA TPB 64,11055,68,64,64.25,7.23,0.00032287105468723295,336,1655.0573,9.538203138833475e-05
GD CUDA TPB 128,11055,68,128,61.57,10.41,0.0004622207338996814,4298,1655.0573,9.839969446665485e-05
CG CUDA TPB 128,11055,68,128,43.09,10.78,0.00047869919240429954,336,1655.0573,9.538203138833475e-05
GD CUDA TPB 256,11055,68,256,59.36,10.8,0.00046872074248770966,4298,1655.0573,9.839969446665485e-05
CG CUDA TPB 256,11055,68,256,69.45,6.69,0.0002904208153607787,336,1655.0573,9.538203138833475e-05
GD CUDA TPB 512,11055,68,512,90.37,7.09,0.00030122668206788197,4298,1655.0573,9.839969446665485e-05
CG CUDA TPB 512,11055,68,512,72.57,6.4,0.00027187423679944466,336,1655.0573,9.538203138833475e-05
GD CUDA TPB 1024,11055,68,1024,120.09,5.34,0.00021721742957456506,4298,1655.0573,9.839969446665485e-05
CG CUDA TPB 1024,11055,68,1024,96.96,4.79,0.00019500903179313922,336,1655.0573,9.538203138833475e-05
